{
  "Ham": {
    "precision": 0.9837067209775967,
    "recall": 1.0,
    "f1-score": 0.9917864476386037,
    "support": 966.0
  },
  "Spam": {
    "precision": 1.0,
    "recall": 0.8926174496644296,
    "f1-score": 0.9432624113475178,
    "support": 149.0
  },
  "accuracy": 0.9856502242152466,
  "macro avg": {
    "precision": 0.9918533604887984,
    "recall": 0.9463087248322148,
    "f1-score": 0.9675244294930607,
    "support": 1115.0
  },
  "weighted avg": {
    "precision": 0.9858840291160164,
    "recall": 0.9856502242152466,
    "f1-score": 0.9853020696947724,
    "support": 1115.0
  }
}