{
  "avg_length_ham": 71.02362694300518,
  "avg_length_spam": 138.8661311914324,
  "avg_words_ham": 14.20062176165803,
  "avg_words_spam": 23.85140562248996
}